{
    "name": "root",
    "gauges": {
        "AgentMovementV3.Policy.Entropy.mean": {
            "value": 0.5268462896347046,
            "min": 0.49921250343322754,
            "max": 1.2525609731674194,
            "count": 100
        },
        "AgentMovementV3.Policy.Entropy.sum": {
            "value": 26373.92578125,
            "min": 24975.6015625,
            "max": 62916.13671875,
            "count": 100
        },
        "AgentMovementV3.Environment.EpisodeLength.mean": {
            "value": 23.923040152963672,
            "min": 19.474597273853778,
            "max": 43.733082706766915,
            "count": 100
        },
        "AgentMovementV3.Environment.EpisodeLength.sum": {
            "value": 50047.0,
            "min": 45090.0,
            "max": 50451.0,
            "count": 100
        },
        "AgentMovementV3.Step.mean": {
            "value": 4999974.0,
            "min": 49968.0,
            "max": 4999974.0,
            "count": 100
        },
        "AgentMovementV3.Step.sum": {
            "value": 4999974.0,
            "min": 49968.0,
            "max": 4999974.0,
            "count": 100
        },
        "AgentMovementV3.Policy.ExtrinsicValueEstimate.mean": {
            "value": 89.00004577636719,
            "min": 49.23600769042969,
            "max": 89.71598815917969,
            "count": 100
        },
        "AgentMovementV3.Policy.ExtrinsicValueEstimate.sum": {
            "value": 199271.109375,
            "min": 69668.953125,
            "max": 224806.84375,
            "count": 100
        },
        "AgentMovementV3.Environment.CumulativeReward.mean": {
            "value": 104.907982791587,
            "min": 85.1274694261524,
            "max": 110.58297465327594,
            "count": 100
        },
        "AgentMovementV3.Environment.CumulativeReward.sum": {
            "value": 219467.5,
            "min": 90490.5,
            "max": 248471.0,
            "count": 100
        },
        "AgentMovementV3.Policy.ExtrinsicReward.mean": {
            "value": 104.907982791587,
            "min": 85.1274694261524,
            "max": 110.58297465327594,
            "count": 100
        },
        "AgentMovementV3.Policy.ExtrinsicReward.sum": {
            "value": 219467.5,
            "min": 90490.5,
            "max": 248471.0,
            "count": 100
        },
        "AgentMovementV3.Losses.PolicyLoss.mean": {
            "value": 0.06771740804659204,
            "min": 0.06394844598657477,
            "max": 0.07235847676606176,
            "count": 100
        },
        "AgentMovementV3.Losses.PolicyLoss.sum": {
            "value": 1.692935201164801,
            "min": 1.5347627036777944,
            "max": 1.748512607087226,
            "count": 100
        },
        "AgentMovementV3.Losses.ValueLoss.mean": {
            "value": 372.0934772618612,
            "min": 339.50728237628937,
            "max": 686.0026970439488,
            "count": 100
        },
        "AgentMovementV3.Losses.ValueLoss.sum": {
            "value": 9302.33693154653,
            "min": 8148.174777030945,
            "max": 16464.06472905477,
            "count": 100
        },
        "AgentMovementV3.Policy.LearningRate.mean": {
            "value": 1.5054562982144009e-06,
            "min": 1.5054562982144009e-06,
            "max": 0.0002984414055195316,
            "count": 100
        },
        "AgentMovementV3.Policy.LearningRate.sum": {
            "value": 3.7636407455360024e-05,
            "min": 3.7636407455360024e-05,
            "max": 0.007162593732468759,
            "count": 100
        },
        "AgentMovementV3.Policy.Epsilon.mean": {
            "value": 0.1,
            "min": 0.09999999999999998,
            "max": 0.1,
            "count": 100
        },
        "AgentMovementV3.Policy.Epsilon.sum": {
            "value": 2.5,
            "min": 2.3999999999999995,
            "max": 2.5,
            "count": 100
        },
        "AgentMovementV3.Policy.Beta.mean": {
            "value": 3.503910144000002e-05,
            "min": 3.503910144000002e-05,
            "max": 0.004974075369833333,
            "count": 100
        },
        "AgentMovementV3.Policy.Beta.sum": {
            "value": 0.0008759775360000004,
            "min": 0.0008759775360000004,
            "max": 0.119377808876,
            "count": 100
        },
        "AgentMovementV3.IsTraining.mean": {
            "value": 1.0,
            "min": 1.0,
            "max": 1.0,
            "count": 100
        },
        "AgentMovementV3.IsTraining.sum": {
            "value": 1.0,
            "min": 1.0,
            "max": 1.0,
            "count": 100
        }
    },
    "metadata": {
        "timer_format_version": "0.1.0",
        "start_time_seconds": "1646200116",
        "python_version": "3.9.5 (tags/v3.9.5:0a7dcbd, May  3 2021, 17:27:52) [MSC v.1928 64 bit (AMD64)]",
        "command_line_arguments": "C:\\Users\\TruongPC\\Documents\\Unity\\Maze Solving AI\\venv\\Scripts\\mlagents-learn config/MoveToGoal_PPO_Epsilon_Test1.yaml --run-id=Random_Maze_4x4_10_Epsilon_Test1 --torch-device=cuda",
        "mlagents_version": "0.28.0",
        "mlagents_envs_version": "0.28.0",
        "communication_protocol_version": "1.5.0",
        "pytorch_version": "1.10.2+cu102",
        "numpy_version": "1.22.2",
        "end_time_seconds": "1646204633"
    },
    "total": 4516.6413455,
    "count": 1,
    "self": 0.009319800000412215,
    "children": {
        "run_training.setup": {
            "total": 0.06938409999999995,
            "count": 1,
            "self": 0.06938409999999995
        },
        "TrainerController.start_learning": {
            "total": 4516.5626416,
            "count": 1,
            "self": 7.8514039998808585,
            "children": {
                "TrainerController._reset_env": {
                    "total": 5.1666677,
                    "count": 1,
                    "self": 5.1666677
                },
                "TrainerController.advance": {
                    "total": 4503.501909500119,
                    "count": 500016,
                    "self": 6.696400600215384,
                    "children": {
                        "env_step": {
                            "total": 2509.566483300134,
                            "count": 500016,
                            "self": 1566.027174800076,
                            "children": {
                                "SubprocessEnvManager._take_step": {
                                    "total": 938.8233923000405,
                                    "count": 500016,
                                    "self": 21.0937783997731,
                                    "children": {
                                        "TorchPolicy.evaluate": {
                                            "total": 917.7296139002674,
                                            "count": 500016,
                                            "self": 323.6330858002899,
                                            "children": {
                                                "TorchPolicy.sample_actions": {
                                                    "total": 594.0965280999775,
                                                    "count": 500016,
                                                    "self": 594.0965280999775
                                                }
                                            }
                                        }
                                    }
                                },
                                "workers": {
                                    "total": 4.715916200017705,
                                    "count": 500016,
                                    "self": 0.0,
                                    "children": {
                                        "worker_root": {
                                            "total": 4504.115440899871,