{
    "name": "root",
    "gauges": {
        "AgentMovementV3.Policy.Entropy.mean": {
            "value": 1.071636438369751,
            "min": 1.0061293840408325,
            "max": 1.3592545986175537,
            "count": 80
        },
        "AgentMovementV3.Policy.Entropy.sum": {
            "value": 53496.09375,
            "min": 50225.9765625,
            "max": 71116.203125,
            "count": 80
        },
        "AgentMovementV3.Step.mean": {
            "value": 3999991.0,
            "min": 49952.0,
            "max": 3999991.0,
            "count": 80
        },
        "AgentMovementV3.Step.sum": {
            "value": 3999991.0,
            "min": 49952.0,
            "max": 3999991.0,
            "count": 80
        },
        "AgentMovementV3.Policy.ExtrinsicValueEstimate.mean": {
            "value": -99.2734603881836,
            "min": -101.37002563476562,
            "max": -20.39154052734375,
            "count": 80
        },
        "AgentMovementV3.Policy.ExtrinsicValueEstimate.sum": {
            "value": -78326.7578125,
            "min": -79980.953125,
            "max": -16027.7509765625,
            "count": 80
        },
        "AgentMovementV3.Policy.CuriosityValueEstimate.mean": {
            "value": 0.0020775499287992716,
            "min": -0.0026916475035250187,
            "max": 0.11865091323852539,
            "count": 80
        },
        "AgentMovementV3.Policy.CuriosityValueEstimate.sum": {
            "value": 1.6391868591308594,
            "min": -2.1102516651153564,
            "max": 93.61557006835938,
            "count": 80
        },
        "AgentMovementV3.Losses.PolicyLoss.mean": {
            "value": 0.07076555232478617,
            "min": 0.05860881297810314,
            "max": 0.07285332870657117,
            "count": 80
        },
        "AgentMovementV3.Losses.PolicyLoss.sum": {
            "value": 0.3538277616239308,
            "min": 0.23652801864434114,
            "max": 0.36426664353285587,
            "count": 80
        },
        "AgentMovementV3.Losses.ValueLoss.mean": {
            "value": 2.531705298886722,
            "min": 0.06021150809312895,
            "max": 67.90134934782252,
            "count": 80
        },
        "AgentMovementV3.Losses.ValueLoss.sum": {
            "value": 12.65852649443361,
            "min": 0.2408460323725158,
            "max": 339.5067467391126,
            "count": 80
        },
        "AgentMovementV3.Policy.LearningRate.mean": {
            "value": 1.9063743645750014e-06,
            "min": 1.9063743645750014e-06,
            "max": 0.0002978455319681562,
            "count": 80
        },
        "AgentMovementV3.Policy.LearningRate.sum": {
            "value": 9.531871822875007e-06,
            "min": 9.531871822875007e-06,
            "max": 0.0014529310656896497,
            "count": 80
        },
        "AgentMovementV3.Policy.Epsilon.mean": {
            "value": 0.100635425,
            "min": 0.100635425,
            "max": 0.19928184375,
            "count": 80
        },
        "AgentMovementV3.Policy.Epsilon.sum": {
            "value": 0.503177125,
            "min": 0.4175449,
            "max": 0.98431035,
            "count": 80
        },
        "AgentMovementV3.Policy.Beta.mean": {
            "value": 4.170770750000003e-05,
            "min": 4.170770750000003e-05,
            "max": 0.004964164003125,
            "count": 80
        },
        "AgentMovementV3.Policy.Beta.sum": {
            "value": 0.00020853853750000016,
            "min": 0.00020853853750000016,
            "max": 0.024217086465000003,
            "count": 80
        },
        "AgentMovementV3.Losses.CuriosityForwardLoss.mean": {
            "value": 0.0017196420101572585,
            "min": 0.0001808322385248959,
            "max": 0.14570024850373645,
            "count": 80
        },
        "AgentMovementV3.Losses.CuriosityForwardLoss.sum": {
            "value": 0.008598210050786292,
            "min": 0.0007233289540995836,
            "max": 0.5828009940149458,
            "count": 80
        },
        "AgentMovementV3.Losses.CuriosityInverseLoss.mean": {
            "value": 1.0580520696938038,
            "min": 0.8908190565427164,
            "max": 1.0959560720164534,
            "count": 80
        },
        "AgentMovementV3.Losses.CuriosityInverseLoss.sum": {
            "value": 5.290260348469019,
            "min": 3.826106359611321,
            "max": 5.451598476370176,
            "count": 80
        },
        "AgentMovementV3.Environment.EpisodeLength.mean": {
            "value": 3999.0,
            "min": 657.6666666666666,
            "max": 3999.0,
            "count": 80
        },
        "AgentMovementV3.Environment.EpisodeLength.sum": {
            "value": 55986.0,
            "min": 7892.0,
            "max": 99975.0,
            "count": 80
        },
        "AgentMovementV3.Environment.CumulativeReward.mean": {
            "value": -3955.535714285714,
            "min": -4495.8,
            "max": -516.125,
            "count": 80
        },
        "AgentMovementV3.Environment.CumulativeReward.sum": {
            "value": -55377.5,
            "min": -98895.5,
            "max": -6193.5,
            "count": 80
        },
        "AgentMovementV3.Policy.ExtrinsicReward.mean": {
            "value": -3955.535714285714,
            "min": -4495.8,
            "max": -516.125,
            "count": 80
        },
        "AgentMovementV3.Policy.ExtrinsicReward.sum": {
            "value": -55377.5,
            "min": -98895.5,
            "max": -6193.5,
            "count": 80
        },
        "AgentMovementV3.Policy.CuriosityReward.mean": {
            "value": 0.08915988321882651,
            "min": 0.0537723095567344,
            "max": 3.868923993676435,
            "count": 80
        },
        "AgentMovementV3.Policy.CuriosityReward.sum": {
            "value": 1.248238365063571,
            "min": 0.1613169286702032,
            "max": 60.647823261795565,
            "count": 80
        },
        "AgentMovementV3.IsTraining.mean": {
            "value": 1.0,
            "min": 1.0,
            "max": 1.0,
            "count": 80
        },
        "AgentMovementV3.IsTraining.sum": {
            "value": 1.0,
            "min": 1.0,
            "max": 1.0,
            "count": 80
        }
    },
    "metadata": {
        "timer_format_version": "0.1.0",
        "start_time_seconds": "1644336685",
        "python_version": "3.9.5 (tags/v3.9.5:0a7dcbd, May  3 2021, 17:27:52) [MSC v.1928 64 bit (AMD64)]",
        "command_line_arguments": "C:\\Users\\TruongPC\\Documents\\Unity\\Maze Solving AI\\venv\\Scripts\\mlagents-learn config/MoveToGoal_PPO_Test5.yaml --run-id=Small_Maze_V3_PPO_Test5 --torch-device=cuda",
        "mlagents_version": "0.28.0",
        "mlagents_envs_version": "0.28.0",
        "communication_protocol_version": "1.5.0",
        "pytorch_version": "1.10.2+cu102",
        "numpy_version": "1.22.1",
        "end_time_seconds": "1644339741"
    },
    "total": 3056.3441183,
    "count": 1,
    "self": 0.007701900000029127,
    "children": {
        "run_training.setup": {
            "total": 0.061790299999999965,
            "count": 1,
            "self": 0.061790299999999965
        },
        "TrainerController.start_learning": {
            "total": 3056.2746260999998,
            "count": 1,
            "self": 0.8810559999296856,
            "children": {
                "TrainerController._reset_env": {
                    "total": 6.622843400000001,
                    "count": 1,
                    "self": 6.622843400000001
                },
                "TrainerController.advance": {
                    "total": 3048.72428260007,
                    "count": 66688,
                    "self": 0.7739104000138468,
                    "children": {
                        "env_step": {
                            "total": 568.6169429000363,