{
    "name": "root",
    "gauges": {
        "AgentMovementV3.Policy.Entropy.mean": {
            "value": 0.6408859491348267,
            "min": 0.015993328765034676,
            "max": 1.216266393661499,
            "count": 100
        },
        "AgentMovementV3.Policy.Entropy.sum": {
            "value": 31819.98828125,
            "min": 818.8584594726562,
            "max": 60691.6953125,
            "count": 100
        },
        "AgentMovementV3.Step.mean": {
            "value": 4999981.0,
            "min": 49984.0,
            "max": 4999981.0,
            "count": 100
        },
        "AgentMovementV3.Step.sum": {
            "value": 4999981.0,
            "min": 49984.0,
            "max": 4999981.0,
            "count": 100
        },
        "AgentMovementV3.Policy.ExtrinsicValueEstimate.mean": {
            "value": 41.833656311035156,
            "min": -100.01384735107422,
            "max": 42.61996841430664,
            "count": 100
        },
        "AgentMovementV3.Policy.ExtrinsicValueEstimate.sum": {
            "value": 37273.7890625,
            "min": -78700.359375,
            "max": 37846.53125,
            "count": 100
        },
        "AgentMovementV3.Losses.PolicyLoss.mean": {
            "value": 0.06569391537059761,
            "min": 0.06373113401038437,
            "max": 0.07214529648731544,
            "count": 100
        },
        "AgentMovementV3.Losses.PolicyLoss.sum": {
            "value": 1.5766539688943428,
            "min": 1.0187429004907609,
            "max": 1.7314871156955705,
            "count": 100
        },
        "AgentMovementV3.Losses.ValueLoss.mean": {
            "value": 577.1479307420892,
            "min": 6.346454028971493e-11,
            "max": 703.49585252338,
            "count": 100
        },
        "AgentMovementV3.Losses.ValueLoss.sum": {
            "value": 13851.550337810142,
            "min": 9.51968104345724e-10,
            "max": 16883.90046056112,
            "count": 100
        },
        "AgentMovementV3.Policy.LearningRate.mean": {
            "value": 1.4620645126783302e-06,
            "min": 1.4620645126783302e-06,
            "max": 0.00029846400051199997,
            "count": 100
        },
        "AgentMovementV3.Policy.LearningRate.sum": {
            "value": 3.5089548304279925e-05,
            "min": 3.5089548304279925e-05,
            "max": 0.00608489071170322,
            "count": 100
        },
        "AgentMovementV3.Policy.Epsilon.mean": {
            "value": 0.10097464333333334,
            "min": 0.10097464333333334,
            "max": 0.29897599999999996,
            "count": 100
        },
        "AgentMovementV3.Policy.Epsilon.sum": {
            "value": 2.42339144,
            "min": 2.42339144,
            "max": 6.45659356,
            "count": 100
        },
        "AgentMovementV3.Policy.Beta.mean": {
            "value": 3.431735116666662e-05,
            "min": 3.431735116666662e-05,
            "max": 0.0049744512,
            "count": 100
        },
        "AgentMovementV3.Policy.Beta.sum": {
            "value": 0.0008236164279999988,
            "min": 0.0008236164279999988,
            "max": 0.10145200932199999,
            "count": 100
        },
        "AgentMovementV3.IsTraining.mean": {
            "value": 1.0,
            "min": 1.0,
            "max": 1.0,
            "count": 100
        },
        "AgentMovementV3.IsTraining.sum": {
            "value": 1.0,
            "min": 1.0,
            "max": 1.0,
            "count": 100
        },
        "AgentMovementV3.Environment.EpisodeLength.mean": {
            "value": 228.62780269058297,
            "min": 221.6846846846847,
            "max": 2999.0,
            "count": 92
        },
        "AgentMovementV3.Environment.EpisodeLength.sum": {
            "value": 50984.0,
            "min": 1992.0,
            "max": 149950.0,
            "count": 92
        },
        "AgentMovementV3.Environment.CumulativeReward.mean": {
            "value": 132.34080717488789,
            "min": -3019.0408163265306,
            "max": 137.3716216216216,
            "count": 95
        },
        "AgentMovementV3.Environment.CumulativeReward.sum": {
            "value": 29512.0,
            "min": -147933.0,
            "max": 30496.5,
            "count": 95
        },
        "AgentMovementV3.Policy.ExtrinsicReward.mean": {
            "value": 132.34080717488789,
            "min": -3019.0408163265306,
            "max": 137.3716216216216,
            "count": 95
        },
        "AgentMovementV3.Policy.ExtrinsicReward.sum": {
            "value": 29512.0,
            "min": -147933.0,
            "max": 30496.5,
            "count": 95
        }
    },
    "metadata": {
        "timer_format_version": "0.1.0",
        "start_time_seconds": "1644557102",
        "python_version": "3.9.5 (tags/v3.9.5:0a7dcbd, May  3 2021, 17:27:52) [MSC v.1928 64 bit (AMD64)]",
        "command_line_arguments": "C:\\Users\\TruongPC\\Documents\\Unity\\Maze Solving AI\\venv\\Scripts\\mlagents-learn config/MoveToGoal_PPO_Epsilon_Test2.yaml --run-id=Small_Maze_V3_MoveToGoal_PPO_Epsilon_Test2 --torch-device=cuda",
        "mlagents_version": "0.28.0",
        "mlagents_envs_version": "0.28.0",
        "communication_protocol_version": "1.5.0",
        "pytorch_version": "1.10.2+cu102",
        "numpy_version": "1.22.1",
        "end_time_seconds": "1644559743"
    },
    "total": 2641.5633066,
    "count": 1,
    "self": 0.006778099999792175,
    "children": {
        "run_training.setup": {
            "total": 0.06473910000000005,
            "count": 1,
            "self": 0.06473910000000005
        },
        "TrainerController.start_learning": {
            "total": 2641.4917894,
            "count": 1,
            "self": 1.2063649999336121,
            "children": {
                "TrainerController._reset_env": {
                    "total": 8.475906799999999,
                    "count": 1,
                    "self": 8.475906799999999
                },
                "TrainerController.advance": {
                    "total": 2631.768371700067,
                    "count": 100027,
                    "self": 1.1075249001141856,
                    "children": {
                        "env_step": {
                            "total": 844.5771400999129,
                            "count": 100027,
                            "self": 682.8270370999379,
                            "children": {
                                "SubprocessEnvManager._take_step": {
                                    "total": 160.80050799999623,
                                    "count": 100027,
                                    "self": 5.070202299998073,
                                    "children": {
                                        "TorchPolicy.evaluate": {
                                            "total": 155.73030569999815,
                                            "count": 100027,
                                            "self": 54.2041403999681,
                                            "children": {
                                                "TorchPolicy.sample_actions": {
                                                    "total": 101.52616530003006,
                                                    "count": 100027,
                                                    "self": 101.52616530003006
                                                }
                                            }
                                        }
                                    }
                                },
                                "workers": {
                                    "total": 0.9495949999787037,
                                    "count": 100027,
                                    "self": 0.0,